"cancelled","code","comment","created","date","down_limit","duration","max_users","purge_days","remaining","status","tx_ids","type","up_limit","users"
"false","Vm8C5qrP","Journée","2019-10-31T12:17:41Z",,"3","24","1","90","24","unused","","2","2",""
"false","vjzugWKg","Journée","2019-10-31T12:17:41Z",,"3","24","1","90","24","unused","","2","2",""
"false","R28dKZpU","Journée","2019-10-31T12:17:41Z",,"3","24","1","90","24","unused","","2","2",""
"false","JEpZc3Pm","Journée","2019-10-31T12:17:41Z",,"3","24","1","90","24","unused","","2","2",""
"false","FUJWRudL","Journée","2019-10-31T12:17:41Z",,"3","24","1","90","24","unused","","2","2",""
"false","EJYqJnlf","Journée","2019-10-31T12:17:41Z",,"3","24","1","90","24","unused","","2","2",""
"false","5RNgTDCK","Journée","2019-10-31T12:17:41Z",,"3","24","1","90","24","unused","","2","2",""
"false","1YBRHHjN","Journée","2019-10-31T12:17:41Z",,"3","24","1","90","24","unused","","2","2",""
"false","yUUFZL4U","Journée","2019-10-31T12:17:40Z",,"3","24","1","90","24","unused","","2","2",""
"false","Yt6k85Sn","Journée","2019-10-31T12:17:40Z",,"3","24","1","90","24","unused","","2","2",""
"false","Yq8bBnud","Journée","2019-10-31T12:17:40Z",,"3","24","1","90","24","unused","","2","2",""
"false","xnsaKWmd","Journée","2019-10-31T12:17:40Z",,"3","24","1","90","24","unused","","2","2",""
"false","xiPwS9Pm","Journée","2019-10-31T12:17:40Z",,"3","24","1","90","24","unused","","2","2",""
"false","wVh1le3F","Journée","2019-10-31T12:17:40Z",,"3","24","1","90","24","unused","","2","2",""
"false","whuSZgXG","Journée","2019-10-31T12:17:40Z",,"3","24","1","90","24","unused","","2","2",""
"false","Vqu7NPjS","Journée","2019-10-31T12:17:40Z",,"3","24","1","90","24","unused","","2","2",""
"false","ulW1zwS4","Journée","2019-10-31T12:17:40Z",,"3","24","1","90","24","unused","","2","2",""
"false","u1XCJjQe","Journée","2019-10-31T12:17:40Z",,"3","24","1","90","24","unused","","2","2",""
"false","try4cbgk","Journée","2019-10-31T12:17:40Z",,"3","24","1","90","24","unused","","2","2",""
"false","T176B5Nz","Journée","2019-10-31T12:17:40Z",,"3","24","1","90","24","unused","","2","2",""
"false","rAWCZzkj","Journée","2019-10-31T12:17:40Z",,"3","24","1","90","24","unused","","2","2",""
"false","QoDHxt4G","Journée","2019-10-31T12:17:40Z",,"3","24","1","90","24","unused","","2","2",""
"false","lRHkDLeR","Journée","2019-10-31T12:17:40Z",,"3","24","1","90","24","unused","","2","2",""
"false","KpCntqX3","Journée","2019-10-31T12:17:40Z",,"3","24","1","90","24","unused","","2","2",""
"false","kgRHAKCc","Journée","2019-10-31T12:17:40Z",,"3","24","1","90","24","unused","","2","2",""
"false","jUGE8Ild","Journée","2019-10-31T12:17:40Z",,"3","24","1","90","24","unused","","2","2",""
"false","GC4pdAYH","Journée","2019-10-31T12:17:40Z",,"3","24","1","90","24","unused","","2","2",""
"false","g3BmRJ6r","Journée","2019-10-31T12:17:40Z",,"3","24","1","90","24","unused","","2","2",""
"false","dy21nkTU","Journée","2019-10-31T12:17:40Z",,"3","24","1","90","24","unused","","2","2",""
"false","DLfdj7gi","Journée","2019-10-31T12:17:40Z",,"3","24","1","90","24","unused","","2","2",""
"false","BnMBDJjw","Journée","2019-10-31T12:17:40Z",,"3","24","1","90","24","unused","","2","2",""
"false","bNcKmJSc","Journée","2019-10-31T12:17:40Z",,"3","24","1","90","24","unused","","2","2",""
"false","AnWUudc2","Journée","2019-10-31T12:17:40Z",,"3","24","1","90","24","unused","","2","2",""
"false","aMYU6N8J","Journée","2019-10-31T12:17:40Z",,"3","24","1","90","24","unused","","2","2",""
"false","ADcmzxy8","Journée","2019-10-31T12:17:40Z",,"3","24","1","90","24","unused","","2","2",""
"false","A46JboDG","Journée","2019-10-31T12:17:40Z",,"3","24","1","90","24","unused","","2","2",""
"false","9vTFZXng","Journée","2019-10-31T12:17:40Z",,"3","24","1","90","24","unused","","2","2",""
"false","8pNL97iU","Journée","2019-10-31T12:17:40Z",,"3","24","1","90","24","unused","","2","2",""
"false","73mAfxCQ","Journée","2019-10-31T12:17:40Z",,"3","24","1","90","24","unused","","2","2",""
"false","6K1IwezR","Journée","2019-10-31T12:17:40Z",,"3","24","1","90","24","unused","","2","2",""